{
    "QCD_Pt_30to50" : 53122370.0,
    "QCD_Pt_50to80" : 6359119.0,
    "QCD_Pt_80to120" : 784265.2,
    "QCD_Pt_120to170" : 115133.5,
    "QCD_Pt_130to200" : 24262.83,
    "QCD_Pt_300to470" : 1168.494,
    "QCD_Pt_470to600" : 70.22421,
    "QCD_Pt_600to800" : 15.55374,
    "QCD_Pt_800to1000" : 1.843688,
    "QCD_Pt_1000to1400" : 0.3321052,
    "QCD_Pt_1400to1800" : 0.01087214,
    "QCD_Pt_1800" : 0.000357463
}
